{
    "name": "root",
    "gauges": {
        "HelloWorld.Policy.Entropy.mean": {
            "value": 1.1076143980026245,
            "min": 1.1076143980026245,
            "max": 1.4144878387451172,
            "count": 9
        },
        "HelloWorld.Policy.Entropy.sum": {
            "value": 2204.152587890625,
            "min": 2204.152587890625,
            "max": 2830.39013671875,
            "count": 9
        },
        "HelloWorld.Policy.ExtrinsicValueEstimate.mean": {
            "value": 0.0008784212404862046,
            "min": -0.15576326847076416,
            "max": 0.007456541061401367,
            "count": 9
        },
        "HelloWorld.Policy.ExtrinsicValueEstimate.sum": {
            "value": 0.5850285291671753,
            "min": -103.73833465576172,
            "max": 4.9660563468933105,
            "count": 9
        },
        "HelloWorld.Losses.PolicyLoss.mean": {
            "value": 0.140689039652768,
            "min": 0.12969629833726987,
            "max": 0.140689039652768,
            "count": 9
        },
        "HelloWorld.Losses.PolicyLoss.sum": {
            "value": 0.9848232775693759,
            "min": 0.9147236956438671,
            "max": 1.116458533797413,
            "count": 9
        },
        "HelloWorld.Losses.ValueLoss.mean": {
            "value": 0.000661466843666858,
            "min": 0.000661466843666858,
            "max": 0.05479244518071591,
            "count": 9
        },
        "HelloWorld.Losses.ValueLoss.sum": {
            "value": 0.004630267905668006,
            "min": 0.004630267905668006,
            "max": 0.38354711626501137,
            "count": 9
        },
        "HelloWorld.Policy.LearningRate.mean": {
            "value": 0.0002897832034056,
            "min": 0.0002897832034056,
            "max": 0.00029938080020639997,
            "count": 9
        },
        "HelloWorld.Policy.LearningRate.sum": {
            "value": 0.0020284824238391997,
            "min": 0.0020284824238391997,
            "max": 0.0023857584047472,
            "count": 9
        },
        "HelloWorld.Policy.Epsilon.mean": {
            "value": 0.1965944,
            "min": 0.1965944,
            "max": 0.19979360000000002,
            "count": 9
        },
        "HelloWorld.Policy.Epsilon.sum": {
            "value": 1.3761608,
            "min": 1.3761608,
            "max": 1.5952528,
            "count": 9
        },
        "HelloWorld.Policy.Beta.mean": {
            "value": 0.00483006056,
            "min": 0.00483006056,
            "max": 0.00498970064,
            "count": 9
        },
        "HelloWorld.Policy.Beta.sum": {
            "value": 0.03381042392,
            "min": 0.03381042392,
            "max": 0.039763114720000006,
            "count": 9
        },
        "HelloWorld.IsTraining.mean": {
            "value": 1.0,
            "min": 1.0,
            "max": 1.0,
            "count": 9
        },
        "HelloWorld.IsTraining.sum": {
            "value": 1.0,
            "min": 1.0,
            "max": 1.0,
            "count": 9
        }
    },
    "metadata": {
        "timer_format_version": "0.1.0",
        "start_time_seconds": "1618176501",
        "python_version": "3.9.2 (default, Mar 26 2021, 23:27:12) \n[Clang 12.0.0 (clang-1200.0.32.29)]",
        "command_line_arguments": "/usr/local/bin/mlagents-learn config/ppo/HelloWorld.yaml --run-id=HelloWorld_1618176500",
        "mlagents_version": "0.25.0",
        "mlagents_envs_version": "0.25.0",
        "communication_protocol_version": "1.5.0",
        "pytorch_version": "1.8.1",
        "numpy_version": "1.20.2",
        "end_time_seconds": "1618176663"
    },
    "total": 161.560810372,
    "count": 1,
    "self": 0.004880655999983219,
    "children": {
        "run_training.setup": {
            "total": 0.043255818,
            "count": 1,
            "self": 0.043255818
        },
        "TrainerController.start_learning": {
            "total": 161.512673898,
            "count": 1,
            "self": 0.3193679269991776,
            "children": {
                "TrainerController._reset_env": {
                    "total": 2.6225440539999996,
                    "count": 1,
                    "self": 2.6225440539999996
                },
                "TrainerController.advance": {
                    "total": 158.49914978600083,
                    "count": 18937,
                    "self": 0.16607526300120412,
                    "children": {
                        "env_step": {
                            "total": 158.33307452299962,
                            "count": 18937,
                            "self": 141.9214542940001,
                            "children": {
                                "SubprocessEnvManager._take_step": {
                                    "total": 16.232877350000287,
                                    "count": 18937,
                                    "self": 0.7512642019999056,
                                    "children": {
                                        "TorchPolicy.evaluate": {
                                            "total": 15.481613148000381,
                                            "count": 18937,
                                            "self": 2.6981844319991115,
                                            "children": {
                                                "TorchPolicy.sample_actions": {
                                                    "total": 12.78342871600127,
                                                    "count": 18937,
                                                    "self": 12.78342871600127
                                                }
                                            }
                                        }
                                    }
                                },
                                "workers": {
                                    "total": 0.17874287899921804,
                                    "count": 18936,
                                    "self": 0.0,
                                    "children": {
                                        "worker_root": {
                                            "total": 158.37815493499963,
                                            "count": 18936,
                                            "is_parallel": true,
                                            "self": 29.64189330299874,
                                            "children": {
                                                "steps_from_proto": {
                                                    "total": 0.00020825600000007327,
                                                    "count": 1,
                                                    "is_parallel": true,
                                                    "self": 0.00010341999999985418,
                                                    "children": {
                                                        "_process_rank_one_or_two_observation": {
                                                            "total": 0.00010483600000021909,
                                                            "count": 2,
                                                            "is_parallel": true,
                                                            "self": 0.00010483600000021909
                                                        }
                                                    }
                                                },
                                                "UnityEnvironment.step": {
                                                    "total": 128.73605337600088,
                                                    "count": 18936,
                                                    "is_parallel": true,
                                                    "self": 1.0865073049993015,