{
    "name": "root",
    "metadata": {
        "timer_format_version": "0.1.0",
        "start_time_seconds": "1618174563",
        "python_version": "3.9.2 (default, Mar 26 2021, 23:27:12) \n[Clang 12.0.0 (clang-1200.0.32.29)]",
        "command_line_arguments": "/usr/local/bin/mlagents-learn config/ppo/3DBall.yaml --run-id=hello3D_1618174562",
        "mlagents_version": "0.25.0",
        "mlagents_envs_version": "0.25.0",
        "communication_protocol_version": "1.5.0",
        "pytorch_version": "1.8.1",
        "numpy_version": "1.20.2",
        "end_time_seconds": "1618174567"
    },
    "total": 3.8800910789999996,
    "count": 1,
    "self": 0.00557063699999949,
    "children": {
        "run_training.setup": {
            "total": 0.042122168000000015,
            "count": 1,
            "self": 0.042122168000000015
        },
        "TrainerController.start_learning": {
            "total": 3.832398274,
            "count": 1,
            "self": 0.003957708000002391,
            "children": {
                "TrainerController._reset_env": {
                    "total": 2.0738226749999997,
                    "count": 1,
                    "self": 2.0738226749999997
                },
                "TrainerController.advance": {
                    "total": 1.6664735549999978,
                    "count": 199,
                    "self": 0.0019712170000025786,
                    "children": {
                        "env_step": {
                            "total": 1.6645023379999953,
                            "count": 199,
                            "self": 1.5307224839999982,
                            "children": {
                                "SubprocessEnvManager._take_step": {
                                    "total": 0.13184331299999963,
                                    "count": 199,
                                    "self": 0.008074433000003989,
                                    "children": {
                                        "TorchPolicy.evaluate": {
                                            "total": 0.12376887999999564,
                                            "count": 150,
                                            "self": 0.02420304799999151,
                                            "children": {
                                                "TorchPolicy.sample_actions": {
                                                    "total": 0.09956583200000413,
                                                    "count": 150,
                                                    "self": 0.09956583200000413
                                                }
                                            }
                                        }
                                    }
                                },
                                "workers": {
                                    "total": 0.0019365409999974048,
                                    "count": 198,
                                    "self": 0.0,
                                    "children": {
                                        "worker_root": {
                                            "total": 1.6677115709999941,
                                            "count": 198,
                                            "is_parallel": true,
                                            "self": 0.3178070949999934,
                                            "children": {
                                                "steps_from_proto": {
                                                    "total": 0.0003391839999999924,
                                                    "count": 1,
                                                    "is_parallel": true,
                                                    "self": 0.0001534799999998171,
                                                    "children": {
                                                        "_process_rank_one_or_two_observation": {
                                                            "total": 0.00018570400000017528,
                                                            "count": 2,
                                                            "is_parallel": true,
                                                            "self": 0.00018570400000017528
                                                        }
                                                    }
                                                },
                                                "UnityEnvironment.step": {
                                                    "total": 1.3495652920000007,
                                                    "count": 198,
                                                    "is_parallel": true,
                                                    "self": 0.020156330000008715,
                                                    "children": {
                                                        "UnityEnvironment._generate_step_input": {
                                                            "total": 0.027308354999998397,
                                                            "count": 198,
                                                            "is_parallel": true,
                                                            "self": 0.027308354999998397
                                                        },
                                                        "communicator.exchange": {
                                                            "total": 1.2580366629999977,
                                                            "count": 198,
                                                            "is_parallel": true,
                                                            "self": 1.2580366629999977
                                                        },
                                                        "steps_from_proto": {
                                                            "total": 0.044063943999995914,
                                                            "count": 198,
                                                            "is_parallel": true,
                                                            "self": 0.022457110999996033,
                                                            "children": {
                                                                "_process_rank_one_or_two_observation": {
                                                                    "total": 0.02160683299999988,
                                                                    "count": 396,
                                                                    "is_parallel": true,
                                                                    "self": 0.02160683299999988
                                                                }
                                                            }
                                                        }
                                                    }
                                                }
                                            }
                                        }
                                    }
                                }
                            }
                        }
                    }
                },
                "trainer_threads": {
                    "total": 1.1871999999968352e-05,
                    "count": 1,
                    "self": 1.1871999999968352e-05,
                    "children": {
                        "thread_root": {
                            "total": 0.0,
                            "count": 0,
                            "is_parallel": true,
                            "self": 0.0,
                            "children": {
                                "trainer_advance": {
                                    "total": 1.624884379999986,